id;row_no;relation;created;modified;modified_user
1;18782;bottom-line transmitting Web;2020-12-13T08:27:06;2020-12-12T21:12:50;Delaware Coves
2;54361;National Steel turn-key;2020-12-13T00:19:14;2020-12-13T16:48:53;Tunisian Dinar frictionless
3;12847;fresh-thinking;2020-12-13T09:50:55;2020-12-13T13:13:03;Hat
4;77398;quantify Haiti Granite;2020-12-13T18:15:10;2020-12-13T15:29:15;copying Toys
5;83822;bus Loaf;2020-12-12T21:58:10;2020-12-13T17:19:18;JSON haptic Practical Plastic Ball
6;55789;quantify Investment Account;2020-12-13T01:58:15;2020-12-13T03:14:16;radical Brunei Darussalam
7;63561;Steel;2020-12-12T22:09:41;2020-12-13T06:40:58;Computer Configuration redundant
8;5267;Books;2020-12-13T13:40:35;2020-12-13T18:44:11;open-source parse channels
9;22518;Chief Dynamic;2020-12-13T18:11:00;2020-12-12T21:18:54;Oklahoma IB virtual
10;67079;sky blue Gloves structure;2020-12-12T20:40:34;2020-12-13T14:54:00;5th generation Cotton Rhode Island
