id;code;description;created;modified;modified_user;company_firm_id
1;Pa'anga bo;calculate Usability;2020-12-13T12:28:40;2020-12-13T10:03:54;Gabon;1
2;open-sourc;Wisconsin navigating orange;2020-12-12T20:59:48;2020-12-13T00:51:30;Lights;2
3;Dynamic Er;SMS;2020-12-13T11:10:28;2020-12-13T14:33:46;panel TCP;3
4;primary in;Mills CSS Tunisian Dinar;2020-12-13T12:15:23;2020-12-13T01:41:16;copy Saint Vincent and the Grenadines Chips;4
5;teal;black Up-sized;2020-12-13T18:27:53;2020-12-12T22:28:13;Internal;5
6;Ergonomic ;withdrawal Village invoice;2020-12-13T11:25:07;2020-12-13T09:42:31;Auto Loan Account Clothing;6
7;invoice;Fantastic Concrete Soap Fiji;2020-12-13T12:05:15;2020-12-13T12:14:54;programming Locks;7
8;incrementa;turquoise Refined SQL;2020-12-13T09:55:02;2020-12-13T05:33:43;Movies Interactions;8
9;quantifyin;networks Factors Research;2020-12-13T18:43:34;2020-12-13T12:51:03;Applications Soap;9
10;generate;connecting;2020-12-13T15:36:00;2020-12-13T07:16:03;connect;10
