id;name;created;modified;modified_user
1;indigo;2020-12-13T13:57:30;2020-12-13T04:19:53;primary task-force
2;Director Organic back-end;2020-12-13T14:57:47;2020-12-13T06:35:50;Serbian Dinar Minnesota
3;Robust Applications firewall;2020-12-13T19:30:23;2020-12-13T14:41:58;Movies
4;Honduras;2020-12-13T10:07:27;2020-12-13T05:29:11;Gorgeous
5;cyan incentivize;2020-12-13T06:03:30;2020-12-12T22:11:50;SAS Borders Managed
6;SDD;2020-12-13T12:08:57;2020-12-13T13:19:51;back-end
7;Cheese firewall mobile;2020-12-13T12:02:22;2020-12-13T10:10:46;withdrawal
8;Cocos (Keeling) Islands;2020-12-13T14:02:45;2020-12-13T17:05:23;withdrawal Outdoors
9;portals Zloty payment;2020-12-13T06:49:36;2020-12-12T20:55:56;Executive
10;compress Multi-channelled;2020-12-13T13:08:08;2020-12-13T10:26:34;Granite Latvia methodical
